[
  {
    "ano": 2016,
    "idEsferaAdministrativa": 81,
    "nomeEsferaAdministrativa": null,
    "valor": null,
    "valor2": null,
    "colunas": [],
    "valores": {
      "atual": 14797829953.87,
      "anterior": null
    }
  },
  {
    "ano": 2017,
    "idEsferaAdministrativa": 81,
    "nomeEsferaAdministrativa": null,
    "valor": null,
    "valor2": null,
    "colunas": [],
    "valores": {
      "atual": 15138080942.5,
      "anterior": 14797829953.87
    }
  },
  {
    "ano": 2018,
    "idEsferaAdministrativa": 81,
    "nomeEsferaAdministrativa": null,
    "valor": null,
    "valor2": null,
    "colunas": [],
    "valores": {
      "atual": 16597777850.1,
      "anterior": 15138080942.5
    }
  },
  {
    "ano": 2019,
    "idEsferaAdministrativa": 81,
    "nomeEsferaAdministrativa": null,
    "valor": null,
    "valor2": null,
    "colunas": [],
    "valores": {
      "atual": 19465158903.68,
      "anterior": 16597777850.1
    }
  },
  {
    "ano": 2020,
    "idEsferaAdministrativa": 81,
    "nomeEsferaAdministrativa": null,
    "valor": null,
    "valor2": null,
    "colunas": [],
    "valores": {
      "atual": 18760310370.91,
      "anterior": 19465158903.68
    }
  }
]