[
  {
    "ano": 2016,
    "idEsferaAdministrativa": 0,
    "nomeEsferaAdministrativa": null,
    "valor": null,
    "valor2": null,
    "colunas": [],
    "valores": {
      "aplicacao": 1541020230.5,
      "aplicacaoPercentual": 16.87
    }
  },
  {
    "ano": 2017,
    "idEsferaAdministrativa": 0,
    "nomeEsferaAdministrativa": null,
    "valor": null,
    "valor2": null,
    "colunas": [],
    "valores": {
      "aplicacao": 1714815225.06,
      "aplicacaoPercentual": 18.24
    }
  },
  {
    "ano": 2018,
    "idEsferaAdministrativa": 0,
    "nomeEsferaAdministrativa": null,
    "valor": null,
    "valor2": null,
    "colunas": [],
    "valores": {
      "aplicacao": 1912749408.49,
      "aplicacaoPercentual": 18.53
    }
  },
  {
    "ano": 2019,
    "idEsferaAdministrativa": 0,
    "nomeEsferaAdministrativa": null,
    "valor": null,
    "valor2": null,
    "colunas": [],
    "valores": {
      "aplicacao": 1953469139.59,
      "aplicacaoPercentual": 17.17
    }
  },
  {
    "ano": 2020,
    "idEsferaAdministrativa": 0,
    "nomeEsferaAdministrativa": null,
    "valor": null,
    "valor2": null,
    "colunas": [],
    "valores": {
      "aplicacao": 1960548781.17,
      "aplicacaoPercentual": 16.68
    }
  }
]