[
  {
    "mes": 1,
    "dataLimite": "2020-06-15T23:59:59-03:00",
    "dataHomologacao": "2020-06-15T15:18:20.23-03:00",
    "naoEnviaFolha": false,
    "emDia": true,
    "comAtraso": false,
    "comDebito": false
  },
  {
    "mes": 2,
    "dataLimite": "2020-06-15T23:59:59-03:00",
    "dataHomologacao": "2020-06-15T15:44:30.51-03:00",
    "naoEnviaFolha": false,
    "emDia": true,
    "comAtraso": false,
    "comDebito": false
  },
  {
    "mes": 3,
    "dataLimite": "2020-06-15T23:59:59-03:00",
    "dataHomologacao": "2020-06-15T15:50:11.13-03:00",
    "naoEnviaFolha": false,
    "emDia": true,
    "comAtraso": false,
    "comDebito": false
  },
  {
    "mes": 4,
    "dataLimite": "2020-06-15T23:59:59-03:00",
    "dataHomologacao": "2020-06-15T15:57:37.96-03:00",
    "naoEnviaFolha": false,
    "emDia": true,
    "comAtraso": false,
    "comDebito": false
  },
  {
    "mes": 5,
    "dataLimite": "2020-06-15T23:59:59-03:00",
    "dataHomologacao": "2020-06-15T16:07:25.35-03:00",
    "naoEnviaFolha": false,
    "emDia": true,
    "comAtraso": false,
    "comDebito": false
  },
  {
    "mes": 6,
    "dataLimite": "2020-07-10T23:59:59-03:00",
    "dataHomologacao": "2020-07-13T11:19:16.52-03:00",
    "naoEnviaFolha": false,
    "emDia": false,
    "comAtraso": true,
    "comDebito": false
  },
  {
    "mes": 7,
    "dataLimite": "2020-08-10T23:59:59-03:00",
    "dataHomologacao": "2020-08-07T11:01:13.493-03:00",
    "naoEnviaFolha": false,
    "emDia": true,
    "comAtraso": false,
    "comDebito": false
  },
  {
    "mes": 8,
    "dataLimite": "2020-09-10T23:59:59-03:00",
    "dataHomologacao": "2020-09-10T11:26:50.787-03:00",
    "naoEnviaFolha": false,
    "emDia": true,
    "comAtraso": false,
    "comDebito": false
  },
  {
    "mes": 9,
    "dataLimite": "2020-10-10T23:59:59-03:00",
    "dataHomologacao": "2020-10-08T17:17:13.277-03:00",
    "naoEnviaFolha": false,
    "emDia": true,
    "comAtraso": false,
    "comDebito": false
  },
  {
    "mes": 10,
    "dataLimite": "2020-11-10T23:59:59-03:00",
    "dataHomologacao": "2020-11-10T11:06:37.357-03:00",
    "naoEnviaFolha": false,
    "emDia": true,
    "comAtraso": false,
    "comDebito": false
  },
  {
    "mes": 11,
    "dataLimite": "2020-12-10T23:59:59-03:00",
    "dataHomologacao": "2020-12-09T10:39:26.797-03:00",
    "naoEnviaFolha": false,
    "emDia": true,
    "comAtraso": false,
    "comDebito": false
  },
  {
    "mes": 12,
    "dataLimite": "2021-02-05T23:59:59-03:00",
    "dataHomologacao": "2021-02-05T15:46:31.263-03:00",
    "naoEnviaFolha": false,
    "emDia": true,
    "comAtraso": false,
    "comDebito": false
  }
]