[
  {
    "mes": 1,
    "ano": 2020,
    "idEsferaAdministrativa": 0,
    "nomeEsferaAdministrativa": null,
    "valor": null,
    "valor2": null,
    "colunas": [],
    "valores": {
      "realizado": 1411475612.28,
      "previsto": 1645787613.75
    }
  },
  {
    "mes": 2,
    "ano": 2020,
    "idEsferaAdministrativa": 0,
    "nomeEsferaAdministrativa": null,
    "valor": null,
    "valor2": null,
    "colunas": [],
    "valores": {
      "realizado": 1578234517.83,
      "previsto": 1645787613.75
    }
  },
  {
    "mes": 3,
    "ano": 2020,
    "idEsferaAdministrativa": 0,
    "nomeEsferaAdministrativa": null,
    "valor": null,
    "valor2": null,
    "colunas": [],
    "valores": {
      "realizado": 1356119789.74,
      "previsto": 1645787613.75
    }
  },
  {
    "mes": 4,
    "ano": 2020,
    "idEsferaAdministrativa": 0,
    "nomeEsferaAdministrativa": null,
    "valor": null,
    "valor2": null,
    "colunas": [],
    "valores": {
      "realizado": 1490274348.59,
      "previsto": 1646801043.53
    }
  },
  {
    "mes": 5,
    "ano": 2020,
    "idEsferaAdministrativa": 0,
    "nomeEsferaAdministrativa": null,
    "valor": null,
    "valor2": null,
    "colunas": [],
    "valores": {
      "realizado": 1399632291.11,
      "previsto": 1648591218.44
    }
  },
  {
    "mes": 6,
    "ano": 2020,
    "idEsferaAdministrativa": 0,
    "nomeEsferaAdministrativa": null,
    "valor": null,
    "valor2": null,
    "colunas": [],
    "valores": {
      "realizado": 1572452466.9,
      "previsto": 1650716754.775833
    }
  },
  {
    "mes": 7,
    "ano": 2020,
    "idEsferaAdministrativa": 0,
    "nomeEsferaAdministrativa": null,
    "valor": null,
    "valor2": null,
    "colunas": [],
    "valores": {
      "realizado": 1667425410.96,
      "previsto": 1662802170.229166
    }
  },
  {
    "mes": 8,
    "ano": 2020,
    "idEsferaAdministrativa": 0,
    "nomeEsferaAdministrativa": null,
    "valor": null,
    "valor2": null,
    "colunas": [],
    "valores": {
      "realizado": 1587843081.11,
      "previsto": 1684385785.003333
    }
  },
  {
    "mes": 9,
    "ano": 2020,
    "idEsferaAdministrativa": 0,
    "nomeEsferaAdministrativa": null,
    "valor": null,
    "valor2": null,
    "colunas": [],
    "valores": {
      "realizado": 1649112988.04,
      "previsto": 1686987050.905833
    }
  },
  {
    "mes": 10,
    "ano": 2020,
    "idEsferaAdministrativa": 0,
    "nomeEsferaAdministrativa": null,
    "valor": null,
    "valor2": null,
    "colunas": [],
    "valores": {
      "realizado": 1634180312.61,
      "previsto": 1694099038.095
    }
  },
  {
    "mes": 11,
    "ano": 2020,
    "idEsferaAdministrativa": 0,
    "nomeEsferaAdministrativa": null,
    "valor": null,
    "valor2": null,
    "colunas": [],
    "valores": {
      "realizado": 1648449258.17,
      "previsto": 1695002756.818333
    }
  },
  {
    "mes": 12,
    "ano": 2020,
    "idEsferaAdministrativa": 0,
    "nomeEsferaAdministrativa": null,
    "valor": null,
    "valor2": null,
    "colunas": [],
    "valores": {
      "realizado": 1765110293.57,
      "previsto": 1719723545.336666
    }
  }
]