[
  {
    "ano": 2016,
    "idEsferaAdministrativa": 0,
    "nomeEsferaAdministrativa": null,
    "valor": null,
    "valor2": null,
    "colunas": [],
    "valores": {
      "aplicacao": 2474471085.26,
      "aplicacaoPercentual": 27.09
    }
  },
  {
    "ano": 2017,
    "idEsferaAdministrativa": 0,
    "nomeEsferaAdministrativa": null,
    "valor": null,
    "valor2": null,
    "colunas": [],
    "valores": {
      "aplicacao": 2603106048.25,
      "aplicacaoPercentual": 27.69
    }
  },
  {
    "ano": 2018,
    "idEsferaAdministrativa": 0,
    "nomeEsferaAdministrativa": null,
    "valor": null,
    "valor2": null,
    "colunas": [],
    "valores": {
      "aplicacao": 2909927898.9,
      "aplicacaoPercentual": 28.2
    }
  },
  {
    "ano": 2019,
    "idEsferaAdministrativa": 0,
    "nomeEsferaAdministrativa": null,
    "valor": null,
    "valor2": null,
    "colunas": [],
    "valores": {
      "aplicacao": 3162896191.19,
      "aplicacaoPercentual": 27.8
    }
  },
  {
    "ano": 2020,
    "idEsferaAdministrativa": 0,
    "nomeEsferaAdministrativa": null,
    "valor": null,
    "valor2": null,
    "colunas": [],
    "valores": {
      "aplicacao": 3170529019.59,
      "aplicacaoPercentual": 26.98
    }
  }
]