[
  {
    "codigoPai": null,
    "codigo": "1",
    "label": "RECEITAS CORRENTES",
    "value": 19373647396.36,
    "canDrillDown": false,
    "fillcolor": null,
    "data": [
      {
        "codigoPai": "1",
        "codigo": "17",
        "label": "TRANSFERÊNCIAS CORRENTES",
        "value": 6698855525.48,
        "canDrillDown": false,
        "fillcolor": null,
        "data": [
          {
            "codigoPai": "17",
            "codigo": "176",
            "label": "TRANSFERÊNCIAS DE CONVÊNIOS",
            "value": 29252016.36,
            "canDrillDown": false,
            "fillcolor": null,
            "data": [
              {
                "codigoPai": "176",
                "codigo": "1764",
                "label": "TRANSFERÊNCIA DE CONVÊNIOS DE INSTITUIÇÕES PRIVADAS",
                "value": 3656736.15,
                "canDrillDown": false,
                "fillcolor": null,
                "data": [
                  {
                    "codigoPai": "1764",
                    "codigo": "176401",
                    "label": "TRANSFERÊNCIA DE CONVÊNIOS DE INSTITUIÇÕES PRIVADAS",
                    "value": 3656736.15,
                    "canDrillDown": false,
                    "fillcolor": null,
                    "data": []
                  }
                ]
              },
              {
                "codigoPai": "176",
                "codigo": "1761",
                "label": "TRANSFERÊNCIAS DE CONVÊNIOS DA UNIÃO E DE SUAS ENTIDADES",
                "value": 25595280.21,
                "canDrillDown": false,
                "fillcolor": null,
                "data": [
                  {
                    "codigoPai": "1761",
                    "codigo": "176199",
                    "label": "OUTRAS TRANSFERÊNCIAS DE CONVÊNIOS DA UNIÃO",
                    "value": 25588200.21,
                    "canDrillDown": false,
                    "fillcolor": null,
                    "data": []
                  },
                  {
                    "codigoPai": "1761",
                    "codigo": "176102",
                    "label": "TRANSFERÊNCIAS DE CONVÊNIOS DA UNIÃO DESTINADAS A PROGRAMAS DE EDUCAÇÃO",
                    "value": 7080.0,
                    "canDrillDown": false,
                    "fillcolor": null,
                    "data": []
                  }
                ]
              }
            ]
          },
          {
            "codigoPai": "17",
            "codigo": "173",
            "label": "TRANSFERÊNCIAS DE INSTITUIÇÕES PRIVADAS",
            "value": 3109118.88,
            "canDrillDown": false,
            "fillcolor": null,
            "data": [
              {
                "codigoPai": "173",
                "codigo": "1730",
                "label": "TRANSFERÊNCIAS DE INSTITUIÇÕES PRIVADAS",
                "value": 3109118.88,
                "canDrillDown": false,
                "fillcolor": null,
                "data": [
                  {
                    "codigoPai": "1730",
                    "codigo": "173001",
                    "label": "TRANSFERÊNCIAS DE INSTITUIÇÕES PRIVADAS",
                    "value": 3109118.88,
                    "canDrillDown": false,
                    "fillcolor": null,
                    "data": []
                  }
                ]
              }
            ]
          },
          {
            "codigoPai": "17",
            "codigo": "172",
            "label": "TRANSFERÊNCIAS INTERGOVERNAMENTAIS",
            "value": 6666070761.08,
            "canDrillDown": false,
            "fillcolor": null,
            "data": [
              {
                "codigoPai": "172",
                "codigo": "1721",
                "label": "TRANSFERÊNCIAS DA UNIÃO",
                "value": 5258734217.26,
                "canDrillDown": false,
                "fillcolor": null,
                "data": [
                  {
                    "codigoPai": "1721",
                    "codigo": "172122",
                    "label": "TRANSFERÊNCIA DA COMPENSAÇÃO FINANCEIRA PELA EXPLORAÇÃO DE RECURSOS NATURAIS",
                    "value": 1914138142.55,
                    "canDrillDown": false,
                    "fillcolor": null,
                    "data": []
                  },
                  {
                    "codigoPai": "1721",
                    "codigo": "172199",
                    "label": "OUTRAS TRANSFERÊNCIAS DA UNIÃO",
                    "value": 523836124.08,
                    "canDrillDown": false,
                    "fillcolor": null,
                    "data": []
                  },
                  {
                    "codigoPai": "1721",
                    "codigo": "172135",
                    "label": "TRANSFERÊNCIAS DE RECURSOS DO FUNDO NACIONAL DO DESENVOLVIMENTO DA EDUCAÇÃO - FNDE",
                    "value": 83499087.01,
                    "canDrillDown": false,
                    "fillcolor": null,
                    "data": []
                  },
                  {
                    "codigoPai": "1721",
                    "codigo": "172136",
                    "label": "TRANSFERÊNCIA FINANCEIRA DO ICMS - DESONERAÇÃO - L.C. Nº 87/96",
                    "value": 0.0,
                    "canDrillDown": false,
                    "fillcolor": null,
                    "data": []
                  },
                  {
                    "codigoPai": "1721",
                    "codigo": "172101",
                    "label": "PARTICIPAÇÃO NA RECEITA DA UNIÃO",
                    "value": 1774028387.33,
                    "canDrillDown": false,
                    "fillcolor": null,
                    "data": []
                  },
                  {
                    "codigoPai": "1721",
                    "codigo": "172134",
                    "label": "TRANSFERÊNCIAS DE RECURSOS DO FUNDO NACIONAL DE ASSISTÊNCIA SOCIAL - FNAS",
                    "value": 143354.15,
                    "canDrillDown": false,
                    "fillcolor": null,
                    "data": []
                  },
                  {
                    "codigoPai": "1721",
                    "codigo": "172133",
                    "label": "TRANSFERÊNCIA DE RECURSOS DO SISTEMA ÚNICO DE SAÚDE - SUS - REPASSES FUNDO A FUNDO",
                    "value": 963089122.14,
                    "canDrillDown": false,
                    "fillcolor": null,
                    "data": []
                  }
                ]
              },
              {
                "codigoPai": "172",
                "codigo": "1724",
                "label": "TRANSFERÊNCIAS MULTIGOVERNAMENTAIS",
                "value": 1386104576.19,
                "canDrillDown": false,
                "fillcolor": null,
                "data": [
                  {
                    "codigoPai": "1724",
                    "codigo": "172401",
                    "label": "TRANSFERÊNCIAS DE RECURSOS DO FUNDO DE MANUTENÇÃO E DESENVOLVIMENTO DA EDUCAÇÃO BÁSICA E DE VALORIZAÇÃO DOS PROFISSIONAIS DA EDUCAÇÃO ? FUNDEB",
                    "value": 1386104576.19,
                    "canDrillDown": false,
                    "fillcolor": null,
                    "data": []
                  }
                ]
              },
              {
                "codigoPai": "172",
                "codigo": "1723",
                "label": "TRANSFERÊNCIAS DOS MUNICÍPIOS",
                "value": 21231967.63,
                "canDrillDown": false,
                "fillcolor": null,
                "data": [
                  {
                    "codigoPai": "1723",
                    "codigo": "172301",
                    "label": "TRANSFERÊNCIAS DE RECURSOS DO SISTEMA ÚNICO DE SAÚDE - SUS",
                    "value": 21231967.63,
                    "canDrillDown": false,
                    "fillcolor": null,
                    "data": []
                  }
                ]
              }
            ]
          },
          {
            "codigoPai": "17",
            "codigo": "175",
            "label": "TRANSFERÊNCIAS DE PESSOAS",
            "value": 423629.16,
            "canDrillDown": false,
            "fillcolor": null,
            "data": [
              {
                "codigoPai": "175",
                "codigo": "1750",
                "label": "TRANSFERÊNCIAS DE PESSOAS",
                "value": 423629.16,
                "canDrillDown": false,
                "fillcolor": null,
                "data": [
                  {
                    "codigoPai": "1750",
                    "codigo": "175001",
                    "label": "TRANSFERÊNCIAS DE PESSOAS",
                    "value": 423629.16,
                    "canDrillDown": false,
                    "fillcolor": null,
                    "data": []
                  }
                ]
              }
            ]
          }
        ]
      },
      {
        "codigoPai": "1",
        "codigo": "15",
        "label": "RECEITA INDUSTRIAL",
        "value": 7351803.79,
        "canDrillDown": false,
        "fillcolor": null,
        "data": [
          {
            "codigoPai": "15",
            "codigo": "152",
            "label": "RECEITA DA INDÚSTRIA DE TRANSFORMAÇÃO",
            "value": 7351803.79,
            "canDrillDown": false,
            "fillcolor": null,
            "data": [
              {
                "codigoPai": "152",
                "codigo": "1520",
                "label": "RECEITA DA INDÚSTRIA DE TRANSFORMAÇÃO",
                "value": 7351803.79,
                "canDrillDown": false,
                "fillcolor": null,
                "data": [
                  {
                    "codigoPai": "1520",
                    "codigo": "152099",
                    "label": "OUTRAS RECEITAS DA INDÚSTRIA DE TRANSFORMAÇÃO",
                    "value": 4659.0,
                    "canDrillDown": false,
                    "fillcolor": null,
                    "data": []
                  },
                  {
                    "codigoPai": "1520",
                    "codigo": "152029",
                    "label": "RECEITA DA INDÚSTRIA EDITORIAL E GRÁFICA",
                    "value": 7347144.79,
                    "canDrillDown": false,
                    "fillcolor": null,
                    "data": []
                  }
                ]
              }
            ]
          }
        ]
      },
      {
        "codigoPai": "1",
        "codigo": "14",
        "label": "RECEITA AGROPECUÁRIA",
        "value": 586420.92,
        "canDrillDown": false,
        "fillcolor": null,
        "data": [
          {
            "codigoPai": "14",
            "codigo": "141",
            "label": "RECEITA DA PRODUÇÃO VEGETAL",
            "value": 3938.92,
            "canDrillDown": false,
            "fillcolor": null,
            "data": [
              {
                "codigoPai": "141",
                "codigo": "1410",
                "label": "RECEITA DA PRODUÇÃO VEGETAL",
                "value": 3938.92,
                "canDrillDown": false,
                "fillcolor": null,
                "data": [
                  {
                    "codigoPai": "1410",
                    "codigo": "141001",
                    "label": "VENDA DE ESTOQUE DA PRODUÇÃO VEGETAL",
                    "value": 3938.92,
                    "canDrillDown": false,
                    "fillcolor": null,
                    "data": []
                  }
                ]
              }
            ]
          },
          {
            "codigoPai": "14",
            "codigo": "149",
            "label": "OUTRAS RECEITAS AGROPECUÁRIAS",
            "value": 582482.0,
            "canDrillDown": false,
            "fillcolor": null,
            "data": [
              {
                "codigoPai": "149",
                "codigo": "1490",
                "label": "OUTRAS RECEITAS AGROPECUÁRIAS",
                "value": 582482.0,
                "canDrillDown": false,
                "fillcolor": null,
                "data": [
                  {
                    "codigoPai": "1490",
                    "codigo": "149099",
                    "label": "OUTRAS RECEITAS AGROPECUÁRIAS",
                    "value": 582482.0,
                    "canDrillDown": false,
                    "fillcolor": null,
                    "data": []
                  }
                ]
              }
            ]
          }
        ]
      },
      {
        "codigoPai": "1",
        "codigo": "16",
        "label": "RECEITA DE SERVIÇOS",
        "value": 35680620.91,
        "canDrillDown": false,
        "fillcolor": null,
        "data": [
          {
            "codigoPai": "16",
            "codigo": "160",
            "label": "RECEITA DE SERVIÇOS",
            "value": 35680620.91,
            "canDrillDown": false,
            "fillcolor": null,
            "data": [
              {
                "codigoPai": "160",
                "codigo": "1600",
                "label": "RECEITA DE SERVIÇOS",
                "value": 35680620.91,
                "canDrillDown": false,
                "fillcolor": null,
                "data": [
                  {
                    "codigoPai": "1600",
                    "codigo": "160014",
                    "label": "SERVIÇOS DE INSPEÇÃO E FISCALIZAÇÃO",
                    "value": 632142.68,
                    "canDrillDown": false,
                    "fillcolor": null,
                    "data": []
                  },
                  {
                    "codigoPai": "1600",
                    "codigo": "160019",
                    "label": "SERVIÇOS RECREATIVOS E CULTURAIS",
                    "value": 794.78,
                    "canDrillDown": false,
                    "fillcolor": null,
                    "data": []
                  },
                  {
                    "codigoPai": "1600",
                    "codigo": "160024",
                    "label": "SERVIÇOS DE REGISTRO DO COMÉRCIO",
                    "value": 20919722.02,
                    "canDrillDown": false,
                    "fillcolor": null,
                    "data": []
                  },
                  {
                    "codigoPai": "1600",
                    "codigo": "160004",
                    "label": "SERVIÇOS DE COMUNICAÇÃO",
                    "value": 675793.9,
                    "canDrillDown": false,
                    "fillcolor": null,
                    "data": []
                  },
                  {
                    "codigoPai": "1600",
                    "codigo": "160017",
                    "label": "SERVIÇOS AGROPECUÁRIOS",
                    "value": 2795291.37,
                    "canDrillDown": false,
                    "fillcolor": null,
                    "data": []
                  },
                  {
                    "codigoPai": "1600",
                    "codigo": "160001",
                    "label": "SERVIÇOS COMERCIAIS",
                    "value": 85403.98,
                    "canDrillDown": false,
                    "fillcolor": null,
                    "data": []
                  },
                  {
                    "codigoPai": "1600",
                    "codigo": "160013",
                    "label": "SERVIÇOS ADMINISTRATIVOS",
                    "value": 2777315.36,
                    "canDrillDown": false,
                    "fillcolor": null,
                    "data": []
                  },
                  {
                    "codigoPai": "1600",
                    "codigo": "160099",
                    "label": "OUTROS SERVIÇOS",
                    "value": 5669465.54,
                    "canDrillDown": false,
                    "fillcolor": null,
                    "data": []
                  },
                  {
                    "codigoPai": "1600",
                    "codigo": "160008",
                    "label": "SERVIÇOS DE PROCESSAMENTO DE DADOS",
                    "value": 2124691.28,
                    "canDrillDown": false,
                    "fillcolor": null,
                    "data": []
                  }
                ]
              }
            ]
          }
        ]
      },
      {
        "codigoPai": "1",
        "codigo": "12",
        "label": "RECEITA DE CONTRIBUIÇÕES",
        "value": 535044201.55,
        "canDrillDown": false,
        "fillcolor": null,
        "data": [
          {
            "codigoPai": "12",
            "codigo": "121",
            "label": "CONTRIBUIÇÕES SOCIAIS",
            "value": 535044201.55,
            "canDrillDown": false,
            "fillcolor": null,
            "data": [
              {
                "codigoPai": "121",
                "codigo": "1210",
                "label": "CONTRIBUIÇÕES SOCIAIS",
                "value": 535044201.55,
                "canDrillDown": false,
                "fillcolor": null,
                "data": [
                  {
                    "codigoPai": "1210",
                    "codigo": "121099",
                    "label": "OUTRAS CONTRIBUIÇÕES SOCIAIS",
                    "value": 1643.5,
                    "canDrillDown": false,
                    "fillcolor": null,
                    "data": []
                  },
                  {
                    "codigoPai": "1210",
                    "codigo": "121049",
                    "label": "CONTRIBUIÇÃO SOBRE COMPLEMENTAÇÃO DE APOSENTADORIA E PENSÃO",
                    "value": 1672.36,
                    "canDrillDown": false,
                    "fillcolor": null,
                    "data": []
                  },
                  {
                    "codigoPai": "1210",
                    "codigo": "121050",
                    "label": "CONTRIBUIÇÃO DE EX-DEPUTADOS PENSIONISTAS DO EXTINTO IPDE - ALES - LEI 4.541/91",
                    "value": 326293.12,
                    "canDrillDown": false,
                    "fillcolor": null,
                    "data": []
                  },
                  {
                    "codigoPai": "1210",
                    "codigo": "121029",
                    "label": "CONTRIBUIÇÕES PARA O REGIME PRÓPRIO DE PREVIDÊNCIA DO SERVIDOR PÚBLICO",
                    "value": 534714592.57,
                    "canDrillDown": false,
                    "fillcolor": null,
                    "data": []
                  }
                ]
              }
            ]
          }
        ]
      },
      {
        "codigoPai": "1",
        "codigo": "13",
        "label": "RECEITA PATRIMONIAL",
        "value": 578736442.67,
        "canDrillDown": false,
        "fillcolor": null,
        "data": [
          {
            "codigoPai": "13",
            "codigo": "139",
            "label": "OUTRAS RECEITAS PATRIMONIAIS",
            "value": 216.76,
            "canDrillDown": false,
            "fillcolor": null,
            "data": [
              {
                "codigoPai": "139",
                "codigo": "1390",
                "label": "OUTRAS RECEITAS PATRIMONIAIS",
                "value": 216.76,
                "canDrillDown": false,
                "fillcolor": null,
                "data": [
                  {
                    "codigoPai": "1390",
                    "codigo": "139099",
                    "label": "OUTRAS RECEITAS PATRIMONIAIS",
                    "value": 216.76,
                    "canDrillDown": false,
                    "fillcolor": null,
                    "data": []
                  }
                ]
              }
            ]
          },
          {
            "codigoPai": "13",
            "codigo": "133",
            "label": "RECEITA DE CONCESSÕES E PERMISSÕES",
            "value": 2136726.92,
            "canDrillDown": false,
            "fillcolor": null,
            "data": [
              {
                "codigoPai": "133",
                "codigo": "1333",
                "label": "RECEITA DE CONCESSÕES E PERMISSÕES - DIREITOS DE USO DE BENS PÚBLICOS",
                "value": 2133951.74,
                "canDrillDown": false,
                "fillcolor": null,
                "data": [
                  {
                    "codigoPai": "1333",
                    "codigo": "133399",
                    "label": "OUTRAS RECEITAS DE CONCESSÕES E PERMISSÕES - DIREITOS DE USO DE BENS PÚBLICOS",
                    "value": 2133951.74,
                    "canDrillDown": false,
                    "fillcolor": null,
                    "data": []
                  }
                ]
              },
              {
                "codigoPai": "133",
                "codigo": "1332",
                "label": "RECEITA DE CONCESSÕES E PERMISSÕES - EXPLORAÇÃO DE RECURSOS NATURAIS",
                "value": 2775.18,
                "canDrillDown": false,
                "fillcolor": null,
                "data": [
                  {
                    "codigoPai": "1332",
                    "codigo": "133201",
                    "label": "RECEITA DE OUTORGA DOS SERVIÇOS DE EXPLORAÇÃO E PRODUÇÃO DE PETRÓLEO E GÁS NATURAL",
                    "value": 2775.18,
                    "canDrillDown": false,
                    "fillcolor": null,
                    "data": []
                  }
                ]
              }
            ]
          },
          {
            "codigoPai": "13",
            "codigo": "132",
            "label": "RECEITAS DE VALORES MOBILIÁRIOS",
            "value": 573804352.69,
            "canDrillDown": false,
            "fillcolor": null,
            "data": [
              {
                "codigoPai": "132",
                "codigo": "1325",
                "label": "REMUNERAÇÃO DE DEPÓSITOS BANCÁRIOS",
                "value": 293584499.61,
                "canDrillDown": false,
                "fillcolor": null,
                "data": [
                  {
                    "codigoPai": "1325",
                    "codigo": "132503",
                    "label": "DEPÓSITOS DE RECURSOS DE OUTRAS FONTES",
                    "value": 28523568.26,
                    "canDrillDown": false,
                    "fillcolor": null,
                    "data": []
                  },
                  {
                    "codigoPai": "1325",
                    "codigo": "132502",
                    "label": "DEPÓSITOS DE RECURSOS DO TESOURO - NÃO VINCULADOS",
                    "value": 129662230.95,
                    "canDrillDown": false,
                    "fillcolor": null,
                    "data": []
                  },
                  {
                    "codigoPai": "1325",
                    "codigo": "132501",
                    "label": "DEPÓSITOS DE RECURSOS DO TESOURO - VINCULADOS",
                    "value": 135398700.4,
                    "canDrillDown": false,
                    "fillcolor": null,
                    "data": []
                  }
                ]
              },
              {
                "codigoPai": "132",
                "codigo": "1328",
                "label": "REMUNERAÇÃO DOS INVESTIMENTOS DO REGIME PRÓPRIO DE PREVIDÊNCIA DO SERVIDOR",
                "value": 170357864.3,
                "canDrillDown": false,
                "fillcolor": null,
                "data": [
                  {
                    "codigoPai": "1328",
                    "codigo": "132820",
                    "label": "REMUNERAÇÃO DOS INVESTIMENTOS DO REGIME PRÓPRIO DE PREVIDÊNCIA DO SERVIDOR EM RENDA VARIÁVEL",
                    "value": 52864515.46,
                    "canDrillDown": false,
                    "fillcolor": null,
                    "data": []
                  },
                  {
                    "codigoPai": "1328",
                    "codigo": "132810",
                    "label": "REMUNERAÇÃO DOS INVESTIMENTOS DO REGIME PRÓPRIO DE PREVIDÊNCIA DO SERVIDOR EM RENDA FIXA",
                    "value": 117493348.84,
                    "canDrillDown": false,
                    "fillcolor": null,
                    "data": []
                  }
                ]
              },
              {
                "codigoPai": "132",
                "codigo": "1322",
                "label": "DIVIDENDOS, PARTICIPAÇÕES E JUROS SOBRE O CAPITAL PRÓPRIO",
                "value": 109861988.78,
                "canDrillDown": false,
                "fillcolor": null,
                "data": [
                  {
                    "codigoPai": "1322",
                    "codigo": "132205",
                    "label": "DIVIDENDOS PAGOS POR EMPRESAS ESTATAIS, EXCETO PELO BANESTES",
                    "value": 9893388.39,
                    "canDrillDown": false,
                    "fillcolor": null,
                    "data": []
                  },
                  {
                    "codigoPai": "1322",
                    "codigo": "132201",
                    "label": "DIVIDENDOS PAGOS PELO BANESTES - MEP",
                    "value": 99817579.76,
                    "canDrillDown": false,
                    "fillcolor": null,
                    "data": []
                  },
                  {
                    "codigoPai": "1322",
                    "codigo": "132204",
                    "label": "DIVIDENDOS PAGOS PELO BANESTES - MÉTODO DE CUSTO",
                    "value": 144589.96,
                    "canDrillDown": false,
                    "fillcolor": null,
                    "data": []
                  },
                  {
                    "codigoPai": "1322",
                    "codigo": "132203",
                    "label": "DIVIDENDOS PAGOS POR EMPRESAS DE TELEFONIA E OUTRAS PARTICIPAÇÕES MINORITÁRIAS",
                    "value": 3639.27,
                    "canDrillDown": false,
                    "fillcolor": null,
                    "data": []
                  },
                  {
                    "codigoPai": "1322",
                    "codigo": "132299",
                    "label": "OUTROS DIVIDENDOS",
                    "value": 2791.4,
                    "canDrillDown": false,
                    "fillcolor": null,
                    "data": []
                  }
                ]
              }
            ]
          },
          {
            "codigoPai": "13",
            "codigo": "131",
            "label": "RECEITAS IMOBILIÁRIAS",
            "value": 760350.65,
            "canDrillDown": false,
            "fillcolor": null,
            "data": [
              {
                "codigoPai": "131",
                "codigo": "1311",
                "label": "ALUGUÉIS",
                "value": 760350.65,
                "canDrillDown": false,
                "fillcolor": null,
                "data": [
                  {
                    "codigoPai": "1311",
                    "codigo": "131101",
                    "label": "ALUGUÉIS",
                    "value": 760350.65,
                    "canDrillDown": false,
                    "fillcolor": null,
                    "data": []
                  }
                ]
              }
            ]
          },
          {
            "codigoPai": "13",
            "codigo": "134",
            "label": "COMPENSAÇÕES FINANCEIRAS",
            "value": 2034795.65,
            "canDrillDown": false,
            "fillcolor": null,
            "data": [
              {
                "codigoPai": "134",
                "codigo": "1340",
                "label": "COMPENSAÇÕES FINANCEIRAS",
                "value": 2034795.65,
                "canDrillDown": false,
                "fillcolor": null,
                "data": [
                  {
                    "codigoPai": "1340",
                    "codigo": "134011",
                    "label": "RECEITA DE COMPENSAÇÕES AMBIENTAIS",
                    "value": 2034795.65,
                    "canDrillDown": false,
                    "fillcolor": null,
                    "data": []
                  }
                ]
              }
            ]
          }
        ]
      },
      {
        "codigoPai": "1",
        "codigo": "11",
        "label": "RECEITA TRIBUTÁRIA",
        "value": 11103961952.64,
        "canDrillDown": false,
        "fillcolor": null,
        "data": [
          {
            "codigoPai": "11",
            "codigo": "112",
            "label": "TAXAS",
            "value": 788827587.38,
            "canDrillDown": false,
            "fillcolor": null,
            "data": [
              {
                "codigoPai": "112",
                "codigo": "1121",
                "label": "TAXAS PELO EXERCÍCIO DO PODER DE POLÍCIA",
                "value": 129066282.69,
                "canDrillDown": false,
                "fillcolor": null,
                "data": [
                  {
                    "codigoPai": "1121",
                    "codigo": "112137",
                    "label": "TAXA DE REGULAÇÃO DE SERVIÇOS DE GÁS CANALIZADO",
                    "value": 4416540.74,
                    "canDrillDown": false,
                    "fillcolor": null,
                    "data": []
                  },
                  {
                    "codigoPai": "1121",
                    "codigo": "112121",
                    "label": "TAXA DE CONTROLE E FISCALIZAÇÃO AMBIENTAL",
                    "value": 7070.49,
                    "canDrillDown": false,
                    "fillcolor": null,
                    "data": []
                  },
                  {
                    "codigoPai": "1121",
                    "codigo": "112199",
                    "label": "OUTRAS TAXAS PELO EXERCÍCIO DO PODER DE POLÍCIA",
                    "value": 18304112.2,
                    "canDrillDown": false,
                    "fillcolor": null,
                    "data": []
                  },
                  {
                    "codigoPai": "1121",
                    "codigo": "112190",
                    "label": "TAXA DE FISCALIZAÇÃO SOBRE OS ATOS PRATICADOS PELOS SERVIÇOS NOTARIAIS E DE REGISTRO DO ES",
                    "value": 106338559.26,
                    "canDrillDown": false,
                    "fillcolor": null,
                    "data": []
                  }
                ]
              },
              {
                "codigoPai": "112",
                "codigo": "1122",
                "label": "TAXAS PELA PRESTAÇÃO DE SERVIÇOS",
                "value": 659761304.69,
                "canDrillDown": false,
                "fillcolor": null,
                "data": [
                  {
                    "codigoPai": "1122",
                    "codigo": "112208",
                    "label": "EMOLUMENTOS E CUSTAS JUDICIAIS",
                    "value": 59256589.44,
                    "canDrillDown": false,
                    "fillcolor": null,
                    "data": []
                  },
                  {
                    "codigoPai": "1122",
                    "codigo": "112229",
                    "label": "TAXA DE SERVIÇO DE DETONAÇÃO",
                    "value": 1236.0,
                    "canDrillDown": false,
                    "fillcolor": null,
                    "data": []
                  },
                  {
                    "codigoPai": "1122",
                    "codigo": "112223",
                    "label": "TAXA DE ASSISTÊNCIA TÉCNICA",
                    "value": 45922.47,
                    "canDrillDown": false,
                    "fillcolor": null,
                    "data": []
                  },
                  {
                    "codigoPai": "1122",
                    "codigo": "112299",
                    "label": "OUTRAS TAXAS PELA PRESTAÇÃO DE SERVIÇOS",
                    "value": 600455576.27,
                    "canDrillDown": false,
                    "fillcolor": null,
                    "data": []
                  },
                  {
                    "codigoPai": "1122",
                    "codigo": "112212",
                    "label": "EMOLUMENTOS E CUSTAS PROCESSUAIS ADMINISTRATIVAS",
                    "value": 1980.51,
                    "canDrillDown": false,
                    "fillcolor": null,
                    "data": []
                  }
                ]
              }
            ]
          },
          {
            "codigoPai": "11",
            "codigo": "111",
            "label": "IMPOSTOS",
            "value": 10315134365.26,
            "canDrillDown": false,
            "fillcolor": null,
            "data": [
              {
                "codigoPai": "111",
                "codigo": "1113",
                "label": "IMPOSTO SOBRE A PRODUÇÃO E A CIRCULAÇÃO",
                "value": 9103425761.94,
                "canDrillDown": false,
                "fillcolor": null,
                "data": [
                  {
                    "codigoPai": "1113",
                    "codigo": "111302",
                    "label": "IMPOSTO SOBRE OPERAÇÕES RELATIVAS À CIRCULAÇÃO DE MERCADORIAS E SOBRE PRESTAÇÕES DE SERVIÇOS DE TRANSPORTE INTERESTADUAL E INTERMUNICIPAL E DE COMUNICAÇÃO",
                    "value": 9103425761.94,
                    "canDrillDown": false,
                    "fillcolor": null,
                    "data": []
                  }
                ]
              },
              {
                "codigoPai": "111",
                "codigo": "1112",
                "label": "IMPOSTOS SOBRE O PATRIMÔNIO E A RENDA",
                "value": 1211708603.32,
                "canDrillDown": false,
                "fillcolor": null,
                "data": [
                  {
                    "codigoPai": "1112",
                    "codigo": "111205",
                    "label": "IMPOSTO SOBRE A PROPRIEDADE DE VEÍCULOS AUTOMOTORES",
                    "value": 252121139.24,
                    "canDrillDown": false,
                    "fillcolor": null,
                    "data": []
                  },
                  {
                    "codigoPai": "1112",
                    "codigo": "111207",
                    "label": "\"IMPOSTO SOBRE TRANSMISSÃO \"\"CAUSA MORTIS\"\" E DOAÇÃO DE BENS E DIREITOS\"",
                    "value": 89125272.29,
                    "canDrillDown": false,
                    "fillcolor": null,
                    "data": []
                  },
                  {
                    "codigoPai": "1112",
                    "codigo": "111204",
                    "label": "IMPOSTO SOBRE A RENDA E PROVENTOS QUALQUER NATUREZA",
                    "value": 870462191.79,
                    "canDrillDown": false,
                    "fillcolor": null,
                    "data": []
                  }
                ]
              }
            ]
          }
        ]
      },
      {
        "codigoPai": "1",
        "codigo": "19",
        "label": "OUTRAS RECEITAS CORRENTES",
        "value": 413430428.4,
        "canDrillDown": false,
        "fillcolor": null,
        "data": [
          {
            "codigoPai": "19",
            "codigo": "193",
            "label": "RECEITA DA DÍVIDA ATIVA",
            "value": 134050069.76,
            "canDrillDown": false,
            "fillcolor": null,
            "data": [
              {
                "codigoPai": "193",
                "codigo": "1931",
                "label": "RECEITA DA DÍVIDA ATIVA TRIBUTÁRIA",
                "value": 120023934.88,
                "canDrillDown": false,
                "fillcolor": null,
                "data": [
                  {
                    "codigoPai": "1931",
                    "codigo": "193114",
                    "label": "RECEITA DA DÍVIDA ATIVA DO IMPOSTO SOBRE A PROPRIEDADE DE VEÍCULOS AUTOMOTORES ? IPVA",
                    "value": 190340.61,
                    "canDrillDown": false,
                    "fillcolor": null,
                    "data": []
                  },
                  {
                    "codigoPai": "1931",
                    "codigo": "193120",
                    "label": "RECEITA DA DÍVIDA ATIVA DO IMPOSTO SOBRE TRANSMISSÃO ?CAUSA MORTIS? E DOAÇÃO DE BENS E DIREITOS ? ITCD",
                    "value": 540513.92,
                    "canDrillDown": false,
                    "fillcolor": null,
                    "data": []
                  },
                  {
                    "codigoPai": "1931",
                    "codigo": "193115",
                    "label": "RECEITA DA DÍVIDA ATIVA DO IMPOSTO SOBRE CIRCULAÇÃO DE MERCADORIAS E PRESTAÇÃO DE SERVIÇOS ? ICMS",
                    "value": 119293080.35,
                    "canDrillDown": false,
                    "fillcolor": null,
                    "data": []
                  }
                ]
              },
              {
                "codigoPai": "193",
                "codigo": "1932",
                "label": "RECEITA DA DÍVIDA ATIVA NÃO TRIBUTÁRIA",
                "value": 14026134.88,
                "canDrillDown": false,
                "fillcolor": null,
                "data": [
                  {
                    "codigoPai": "1932",
                    "codigo": "193299",
                    "label": "RECEITA DA DÍVIDA ATIVA NÃO TRIBUTÁRIA DE OUTRAS RECEITAS",
                    "value": 14026134.88,
                    "canDrillDown": false,
                    "fillcolor": null,
                    "data": []
                  }
                ]
              }
            ]
          },
          {
            "codigoPai": "19",
            "codigo": "191",
            "label": "MULTAS E JUROS DE MORA",
            "value": 169704379.87,
            "canDrillDown": false,
            "fillcolor": null,
            "data": [
              {
                "codigoPai": "191",
                "codigo": "1918",
                "label": "MULTAS E JUROS DE MORA DE OUTRAS RECEITAS",
                "value": 40669.94,
                "canDrillDown": false,
                "fillcolor": null,
                "data": [
                  {
                    "codigoPai": "1918",
                    "codigo": "191899",
                    "label": "OUTRAS MULTAS E JUROS DE MORA",
                    "value": 40669.94,
                    "canDrillDown": false,
                    "fillcolor": null,
                    "data": []
                  }
                ]
              },
              {
                "codigoPai": "191",
                "codigo": "1919",
                "label": "MULTAS DE OUTRAS ORIGENS",
                "value": 124811733.79,
                "canDrillDown": false,
                "fillcolor": null,
                "data": [
                  {
                    "codigoPai": "1919",
                    "codigo": "191942",
                    "label": "MULTAS VEGETAL/AGROTÓXICO",
                    "value": 158472.9,
                    "canDrillDown": false,
                    "fillcolor": null,
                    "data": []
                  },
                  {
                    "codigoPai": "1919",
                    "codigo": "191932",
                    "label": "MULTAS APLICADAS NO ÂMBITO DE PROCESSO JUDICIAL",
                    "value": 1074.18,
                    "canDrillDown": false,
                    "fillcolor": null,
                    "data": []
                  },
                  {
                    "codigoPai": "1919",
                    "codigo": "191960",
                    "label": "MULTA POR INFRAÇÃO À LEGISLAÇÃO DE LICITAÇÃO",
                    "value": 76787.84,
                    "canDrillDown": false,
                    "fillcolor": null,
                    "data": []
                  },
                  {
                    "codigoPai": "1919",
                    "codigo": "191948",
                    "label": "MULTAS APLICADAS PELOS TRIBUNAIS DE CONTAS",
                    "value": 1000.0,
                    "canDrillDown": false,
                    "fillcolor": null,
                    "data": []
                  },
                  {
                    "codigoPai": "1919",
                    "codigo": "191935",
                    "label": "MULTAS POR DANOS AMBIENTAIS",
                    "value": 224303.49,
                    "canDrillDown": false,
                    "fillcolor": null,
                    "data": []
                  },
                  {
                    "codigoPai": "1919",
                    "codigo": "191927",
                    "label": "MULTAS E JUROS PREVISTOS EM CONTRATOS",
                    "value": 760345.86,
                    "canDrillDown": false,
                    "fillcolor": null,
                    "data": []
                  },
                  {
                    "codigoPai": "1919",
                    "codigo": "191999",
                    "label": "OUTRAS MULTAS",
                    "value": 123589749.52,
                    "canDrillDown": false,
                    "fillcolor": null,
                    "data": []
                  }
                ]
              },
              {
                "codigoPai": "191",
                "codigo": "1912",
                "label": "MULTAS E JUROS DE MORA DAS CONTRIBUIÇÕES",
                "value": 284518.89,
                "canDrillDown": false,
                "fillcolor": null,
                "data": [
                  {
                    "codigoPai": "1912",
                    "codigo": "191229",
                    "label": "MULTAS E JUROS DE MORA DAS CONTRIBUIÇÕES PARA O REGIME PRÓPRIO DE PREVIDÊNCIA DO SERVIDOR",
                    "value": 284518.89,
                    "canDrillDown": false,
                    "fillcolor": null,
                    "data": []
                  }
                ]
              },
              {
                "codigoPai": "191",
                "codigo": "1911",
                "label": "MULTAS E JUROS DE MORA DOS TRIBUTOS",
                "value": 38367437.92,
                "canDrillDown": false,
                "fillcolor": null,
                "data": [
                  {
                    "codigoPai": "1911",
                    "codigo": "191121",
                    "label": "MULTAS E JUROS DE MORA DO IMPOSTO SOBRE TRANSMISSÃO ?CAUSA MORTIS? E DOAÇÃO DE BENS E DIREITOS",
                    "value": 584815.99,
                    "canDrillDown": false,
                    "fillcolor": null,
                    "data": []
                  },
                  {
                    "codigoPai": "1911",
                    "codigo": "191142",
                    "label": "MULTAS E JUROS DE MORA DO IMPOSTO SOBRE CIRCULAÇÃO DE MERCADORIAS E SERVIÇOS ? ICMS",
                    "value": 23547444.1,
                    "canDrillDown": false,
                    "fillcolor": null,
                    "data": []
                  },
                  {
                    "codigoPai": "1911",
                    "codigo": "191141",
                    "label": "MULTAS E JUROS DE MORA DO IMPOSTO SOBRE A PROPRIEDADE DE VEÍCULOS AUTOMOTORES ? IPVA",
                    "value": 14235177.83,
                    "canDrillDown": false,
                    "fillcolor": null,
                    "data": []
                  }
                ]
              },
              {
                "codigoPai": "191",
                "codigo": "1913",
                "label": "MULTA E JUROS DE MORA DA DÍVIDA ATIVA DOS TRIBUTOS",
                "value": 6200019.33,
                "canDrillDown": false,
                "fillcolor": null,
                "data": [
                  {
                    "codigoPai": "1913",
                    "codigo": "191315",
                    "label": "MULTAS E JUROS DE MORA DA DÍVIDA ATIVA DO IMPOSTO SOBRE CIRCULAÇÃO DE MERCADORIAS E PRESTAÇÃO DE SERVIÇOS ? ICMS",
                    "value": 6200019.33,
                    "canDrillDown": false,
                    "fillcolor": null,
                    "data": []
                  }
                ]
              }
            ]
          },
          {
            "codigoPai": "19",
            "codigo": "199",
            "label": "RECEITAS DIVERSAS",
            "value": 42970496.11,
            "canDrillDown": false,
            "fillcolor": null,
            "data": [
              {
                "codigoPai": "199",
                "codigo": "1990",
                "label": "RECEITAS DIVERSAS",
                "value": 42970496.11,
                "canDrillDown": false,
                "fillcolor": null,
                "data": [
                  {
                    "codigoPai": "1990",
                    "codigo": "199022",
                    "label": "RECEITA DE SEGUROS DECORRENTE DA INDENIZAÇÃO POR SINISTRO",
                    "value": 77316.87,
                    "canDrillDown": false,
                    "fillcolor": null,
                    "data": []
                  },
                  {
                    "codigoPai": "1990",
                    "codigo": "199051",
                    "label": "DEPÓSITOS JUDICIAIS E ADMINISTRATIVOS SACADOS - LEI ESTADUAL Nº 10.549/2016",
                    "value": 134148.64,
                    "canDrillDown": false,
                    "fillcolor": null,
                    "data": []
                  },
                  {
                    "codigoPai": "1990",
                    "codigo": "199099",
                    "label": "OUTRAS RECEITAS",
                    "value": 19065049.5,
                    "canDrillDown": false,
                    "fillcolor": null,
                    "data": []
                  },
                  {
                    "codigoPai": "1990",
                    "codigo": "199004",
                    "label": "PRODUTOS DE DEPÓSITOS ABANDONADOS (DINHEIRO OU OBJETOS DE VALOR)",
                    "value": 164.0,
                    "canDrillDown": false,
                    "fillcolor": null,
                    "data": []
                  },
                  {
                    "codigoPai": "1990",
                    "codigo": "199096",
                    "label": "RECEITA DE VARIAÇÃO CAMBIAL",
                    "value": 0.0,
                    "canDrillDown": false,
                    "fillcolor": null,
                    "data": []
                  },
                  {
                    "codigoPai": "1990",
                    "codigo": "199002",
                    "label": "ENCARGOS LEGAIS PELA INSCRIÇÃO EM DÍVIDA ATIVA E RECEITAS DE ÔNUS DE SUCUMBÊNCIA",
                    "value": 454249.75,
                    "canDrillDown": false,
                    "fillcolor": null,
                    "data": []
                  },
                  {
                    "codigoPai": "1990",
                    "codigo": "199026",
                    "label": "RECEITA SUPERAVIT EXTRAJUDICIAL",
                    "value": 22236622.28,
                    "canDrillDown": false,
                    "fillcolor": null,
                    "data": []
                  },
                  {
                    "codigoPai": "1990",
                    "codigo": "199005",
                    "label": "DEPÓSITOS NÃO IDENTIFICADOS CONVERTIDOS EM RECEITA",
                    "value": 1002945.07,
                    "canDrillDown": false,
                    "fillcolor": null,
                    "data": []
                  }
                ]
              }
            ]
          },
          {
            "codigoPai": "19",
            "codigo": "192",
            "label": "INDENIZAÇÕES E RESTITUIÇÕES",
            "value": 66705482.66,
            "canDrillDown": false,
            "fillcolor": null,
            "data": [
              {
                "codigoPai": "192",
                "codigo": "1921",
                "label": "INDENIZAÇÕES",
                "value": 12444417.34,
                "canDrillDown": false,
                "fillcolor": null,
                "data": [
                  {
                    "codigoPai": "1921",
                    "codigo": "192199",
                    "label": "OUTRAS INDENIZAÇÕES",
                    "value": 8004.74,
                    "canDrillDown": false,
                    "fillcolor": null,
                    "data": []
                  },
                  {
                    "codigoPai": "1921",
                    "codigo": "192105",
                    "label": "INDENIZAÇÕES PREVISTAS NA LEGISLAÇÃO SOBRE DEFESA DE DIREITOS DIFUSOS",
                    "value": 12366452.55,
                    "canDrillDown": false,
                    "fillcolor": null,
                    "data": []
                  },
                  {
                    "codigoPai": "1921",
                    "codigo": "192106",
                    "label": "INDENIZAÇÕES POR DANOS CAUSADOS AO PATRIMÔNIO PÚBLICO",
                    "value": 11718.31,
                    "canDrillDown": false,
                    "fillcolor": null,
                    "data": []
                  },
                  {
                    "codigoPai": "1921",
                    "codigo": "192109",
                    "label": "INDENIZAÇÕES",
                    "value": 58241.74,
                    "canDrillDown": false,
                    "fillcolor": null,
                    "data": []
                  }
                ]
              },
              {
                "codigoPai": "192",
                "codigo": "1922",
                "label": "RESTITUIÇÕES",
                "value": 54261065.32,
                "canDrillDown": false,
                "fillcolor": null,
                "data": [
                  {
                    "codigoPai": "1922",
                    "codigo": "192207",
                    "label": "RECUPERAÇÃO DE DESPESAS DE EXERCÍCIOS ANTERIORES",
                    "value": 6439803.43,
                    "canDrillDown": false,
                    "fillcolor": null,
                    "data": []
                  },
                  {
                    "codigoPai": "1922",
                    "codigo": "192201",
                    "label": "RESTITUIÇÕES DE CONVÊNIOS CELEBRADOS ANTES DE 16/05/2013",
                    "value": 609683.42,
                    "canDrillDown": false,
                    "fillcolor": null,
                    "data": []
                  },
                  {
                    "codigoPai": "1922",
                    "codigo": "192215",
                    "label": "RESTITUIÇÕES DE CONTRIBUIÇÕES PREVIDENCIÁRIAS (INSS E PREVES)",
                    "value": 671542.4,
                    "canDrillDown": false,
                    "fillcolor": null,
                    "data": []
                  },
                  {
                    "codigoPai": "1922",
                    "codigo": "192203",
                    "label": "RESTITUIÇÃO DE CONTRIBUIÇÕES PREVIDENCIÁRIAS COMPLEMENTARES",
                    "value": 1222687.62,
                    "canDrillDown": false,
                    "fillcolor": null,
                    "data": []
                  },
                  {
                    "codigoPai": "1922",
                    "codigo": "192208",
                    "label": "RESTITUIÇÕES SOBRE FOLHA DE PAGAMENTO",
                    "value": 8553238.87,
                    "canDrillDown": false,
                    "fillcolor": null,
                    "data": []
                  },
                  {
                    "codigoPai": "1922",
                    "codigo": "192202",
                    "label": "RESTITUIÇÕES DE CONVÊNIOS E INSTRUMENTOS CONGENERES CELEBRADOS APÓS 16/05/2013",
                    "value": 10167923.69,
                    "canDrillDown": false,
                    "fillcolor": null,
                    "data": []
                  },
                  {
                    "codigoPai": "1922",
                    "codigo": "192212",
                    "label": "RECUPERAÇÃO DE DESPESAS DO EXERCÍCIO",
                    "value": 2423.69,
                    "canDrillDown": false,
                    "fillcolor": null,
                    "data": []
                  },
                  {
                    "codigoPai": "1922",
                    "codigo": "192209",
                    "label": "RESSARCIMENTO DE SALÁRIOS DE SERVIDORES À DISPOSIÇÃO EM OUTRO ORGÃO",
                    "value": 1682686.55,
                    "canDrillDown": false,
                    "fillcolor": null,
                    "data": []
                  },
                  {
                    "codigoPai": "1922",
                    "codigo": "192210",
                    "label": "COMPENSAÇÕES FINANCEIRAS ENTRE O REGIME GERAL E OS REGIMES PRÓPRIOS DE PREVIDÊNCIA DOS SERVIDORES",
                    "value": 14105793.54,
                    "canDrillDown": false,
                    "fillcolor": null,
                    "data": []
                  },
                  {
                    "codigoPai": "1922",
                    "codigo": "192222",
                    "label": "DEVOLUÇÃO DE RECURSOS REPASSADOS A MUNICÍPIOS - FUNCOP",
                    "value": 1623532.84,
                    "canDrillDown": false,
                    "fillcolor": null,
                    "data": []
                  },
                  {
                    "codigoPai": "1922",
                    "codigo": "192299",
                    "label": "OUTRAS RESTITUIÇÕES",
                    "value": 9181749.27,
                    "canDrillDown": false,
                    "fillcolor": null,
                    "data": []
                  }
                ]
              }
            ]
          }
        ]
      }
    ]
  },
  {
    "codigoPai": null,
    "codigo": "7",
    "label": "RECEITAS CORRENTES INTRAORCAMENTÁRIAS",
    "value": 310052762.39,
    "canDrillDown": false,
    "fillcolor": null,
    "data": [
      {
        "codigoPai": "7",
        "codigo": "75",
        "label": "RECEITA INDUSTRIAL",
        "value": 7912047.4,
        "canDrillDown": false,
        "fillcolor": null,
        "data": [
          {
            "codigoPai": "75",
            "codigo": "752",
            "label": "RECEITA DA INDÚSTRIA DE TRANSFORMAÇÃO",
            "value": 7912047.4,
            "canDrillDown": false,
            "fillcolor": null,
            "data": [
              {
                "codigoPai": "752",
                "codigo": "7520",
                "label": "RECEITA DA INDÚSTRIA DE TRANSFORMAÇÃO",
                "value": 7912047.4,
                "canDrillDown": false,
                "fillcolor": null,
                "data": [
                  {
                    "codigoPai": "7520",
                    "codigo": "752029",
                    "label": "RECEITA DA INDÚSTRIA EDITORIAL E GRÁFICA",
                    "value": 7912047.4,
                    "canDrillDown": false,
                    "fillcolor": null,
                    "data": []
                  }
                ]
              }
            ]
          }
        ]
      },
      {
        "codigoPai": "7",
        "codigo": "76",
        "label": "RECEITA DE SERVIÇOS",
        "value": 12414442.27,
        "canDrillDown": false,
        "fillcolor": null,
        "data": [
          {
            "codigoPai": "76",
            "codigo": "760",
            "label": "RECEITA DE SERVIÇOS",
            "value": 12414442.27,
            "canDrillDown": false,
            "fillcolor": null,
            "data": [
              {
                "codigoPai": "760",
                "codigo": "7600",
                "label": "RECEITA DE SERVIÇOS",
                "value": 12414442.27,
                "canDrillDown": false,
                "fillcolor": null,
                "data": [
                  {
                    "codigoPai": "7600",
                    "codigo": "760001",
                    "label": "SERVIÇOS COMERCIAIS",
                    "value": 4522.24,
                    "canDrillDown": false,
                    "fillcolor": null,
                    "data": []
                  },
                  {
                    "codigoPai": "7600",
                    "codigo": "760099",
                    "label": "OUTROS SERVIÇOS",
                    "value": 49000.0,
                    "canDrillDown": false,
                    "fillcolor": null,
                    "data": []
                  },
                  {
                    "codigoPai": "7600",
                    "codigo": "760008",
                    "label": "SERVIÇOS DE PROCESSAMENTO DE DADOS",
                    "value": 12360920.03,
                    "canDrillDown": false,
                    "fillcolor": null,
                    "data": []
                  }
                ]
              }
            ]
          }
        ]
      },
      {
        "codigoPai": "7",
        "codigo": "79",
        "label": "OUTRAS RECEITAS CORRENTES",
        "value": 578881.62,
        "canDrillDown": false,
        "fillcolor": null,
        "data": [
          {
            "codigoPai": "79",
            "codigo": "792",
            "label": "INDENIZAÇÕES E RESTITUIÇÕES",
            "value": 577789.1,
            "canDrillDown": false,
            "fillcolor": null,
            "data": [
              {
                "codigoPai": "792",
                "codigo": "7922",
                "label": "RESTITUIÇÕES",
                "value": 577789.1,
                "canDrillDown": false,
                "fillcolor": null,
                "data": [
                  {
                    "codigoPai": "7922",
                    "codigo": "792299",
                    "label": "RECEITA INTRA - OUTRAS RESTITUIÇÕES",
                    "value": 147519.22,
                    "canDrillDown": false,
                    "fillcolor": null,
                    "data": []
                  },
                  {
                    "codigoPai": "7922",
                    "codigo": "792208",
                    "label": "RECEITA INTRA - RESTITUIÇÕES SOBRE FOLHA DE PAGAMENTO",
                    "value": 239384.51,
                    "canDrillDown": false,
                    "fillcolor": null,
                    "data": []
                  },
                  {
                    "codigoPai": "7922",
                    "codigo": "792209",
                    "label": "RECEITA INTRA - RESSARCIMENTO DE SALÁRIOS DE SERVIDORES À DISPOSIÇÃO EM OUTRO ÓRGÃO DO ESTADO",
                    "value": 190885.37,
                    "canDrillDown": false,
                    "fillcolor": null,
                    "data": []
                  }
                ]
              }
            ]
          },
          {
            "codigoPai": "79",
            "codigo": "791",
            "label": "MULTAS E JUROS DE MORA",
            "value": 1092.52,
            "canDrillDown": false,
            "fillcolor": null,
            "data": [
              {
                "codigoPai": "791",
                "codigo": "7912",
                "label": "MULTAS E JUROS MORA DAS CONTRIBUIÇÕES",
                "value": 1092.52,
                "canDrillDown": false,
                "fillcolor": null,
                "data": [
                  {
                    "codigoPai": "7912",
                    "codigo": "791229",
                    "label": "MULTAS E JUROS DE MORA DAS CONTRIBUIÇÕES PARA O REGIME PRÓPRIO DE PREVIDÊNCIA DO SERVIDOR",
                    "value": 1092.52,
                    "canDrillDown": false,
                    "fillcolor": null,
                    "data": []
                  }
                ]
              }
            ]
          }
        ]
      },
      {
        "codigoPai": "7",
        "codigo": "72",
        "label": "RECEITA DE CONTRIBUIÇÕES",
        "value": 289147391.1,
        "canDrillDown": false,
        "fillcolor": null,
        "data": [
          {
            "codigoPai": "72",
            "codigo": "721",
            "label": "CONTRIBUIÇÕES SOCIAIS",
            "value": 289147391.1,
            "canDrillDown": false,
            "fillcolor": null,
            "data": [
              {
                "codigoPai": "721",
                "codigo": "7210",
                "label": "CONTRIBUIÇÕES SOCIAIS",
                "value": 289147391.1,
                "canDrillDown": false,
                "fillcolor": null,
                "data": [
                  {
                    "codigoPai": "7210",
                    "codigo": "721029",
                    "label": "CONTRIBUIÇÕES PARA O REGIME PRÓPRIO DE PREVIDÊNCIA DO SERVIDOR PÚBLICO",
                    "value": 289147391.1,
                    "canDrillDown": false,
                    "fillcolor": null,
                    "data": []
                  }
                ]
              }
            ]
          }
        ]
      }
    ]
  },
  {
    "codigoPai": null,
    "codigo": "2",
    "label": "RECEITAS DE CAPITAL",
    "value": 381340814.2,
    "canDrillDown": false,
    "fillcolor": null,
    "data": [
      {
        "codigoPai": "2",
        "codigo": "25",
        "label": "OUTRAS RECEITAS DE CAPITAL",
        "value": 63891852.8,
        "canDrillDown": false,
        "fillcolor": null,
        "data": [
          {
            "codigoPai": "25",
            "codigo": "259",
            "label": "OUTRAS RECEITAS",
            "value": 63891852.8,
            "canDrillDown": false,
            "fillcolor": null,
            "data": [
              {
                "codigoPai": "259",
                "codigo": "2599",
                "label": "OUTRAS RECEITAS DE CAPITAL",
                "value": 63891852.8,
                "canDrillDown": false,
                "fillcolor": null,
                "data": [
                  {
                    "codigoPai": "2599",
                    "codigo": "259901",
                    "label": "RECEITA DE LEILÃO FUNDAP",
                    "value": 63891852.8,
                    "canDrillDown": false,
                    "fillcolor": null,
                    "data": []
                  }
                ]
              }
            ]
          }
        ]
      },
      {
        "codigoPai": "2",
        "codigo": "24",
        "label": "TRANSFERÊNCIAS DE CAPITAL",
        "value": 67117736.35,
        "canDrillDown": false,
        "fillcolor": null,
        "data": [
          {
            "codigoPai": "24",
            "codigo": "247",
            "label": "TRANSFERÊNCIAS DE CONVÊNIOS",
            "value": 32452545.52,
            "canDrillDown": false,
            "fillcolor": null,
            "data": [
              {
                "codigoPai": "247",
                "codigo": "2471",
                "label": "TRANSFERÊNCIA DE CONVÊNIOS DA UNIÃO E DE SUAS ENTIDADES",
                "value": 32396679.12,
                "canDrillDown": false,
                "fillcolor": null,
                "data": [
                  {
                    "codigoPai": "2471",
                    "codigo": "247199",
                    "label": "OUTRAS TRANSFERÊNCIAS DE CONVÊNIOS DA UNIÃO",
                    "value": 32396679.12,
                    "canDrillDown": false,
                    "fillcolor": null,
                    "data": []
                  }
                ]
              },
              {
                "codigoPai": "247",
                "codigo": "2474",
                "label": "TRANSFERÊNCIAS DE CONVÊNIOS DE INSTITUIÇÕES PRIVADAS",
                "value": 55866.4,
                "canDrillDown": false,
                "fillcolor": null,
                "data": [
                  {
                    "codigoPai": "2474",
                    "codigo": "247401",
                    "label": "TRANSFERÊNCIAS DE CONVÊNIOS DE INSTITUIÇÕES PRIVADAS",
                    "value": 55866.4,
                    "canDrillDown": false,
                    "fillcolor": null,
                    "data": []
                  }
                ]
              }
            ]
          },
          {
            "codigoPai": "24",
            "codigo": "242",
            "label": "TRANSFERÊNCIAS INTERGOVERNAMENTAIS",
            "value": 34665190.83,
            "canDrillDown": false,
            "fillcolor": null,
            "data": [
              {
                "codigoPai": "242",
                "codigo": "2421",
                "label": "TRANSFERÊNCIAS DA UNIÃO",
                "value": 34665190.83,
                "canDrillDown": false,
                "fillcolor": null,
                "data": [
                  {
                    "codigoPai": "2421",
                    "codigo": "242102",
                    "label": "TRANSFERÊNCIAS DE RECURSOS DESTINADOS A PROGRAMAS DE EDUCAÇÃO",
                    "value": 3444981.78,
                    "canDrillDown": false,
                    "fillcolor": null,
                    "data": []
                  },
                  {
                    "codigoPai": "2421",
                    "codigo": "242199",
                    "label": "OUTRAS TRANSFERÊNCIAS DA UNIÃO",
                    "value": 21642652.05,
                    "canDrillDown": false,
                    "fillcolor": null,
                    "data": []
                  },
                  {
                    "codigoPai": "2421",
                    "codigo": "242138",
                    "label": "TRANSFERÊNCIAS ADVINDAS DE EMENDAS PARLAMENTARES INDIVIDUAIS",
                    "value": 7827840.0,
                    "canDrillDown": false,
                    "fillcolor": null,
                    "data": []
                  },
                  {
                    "codigoPai": "2421",
                    "codigo": "242101",
                    "label": "TRANSFERÊNCIAS DE RECURSOS DO SISTEMA ÚNICO DE SAÚDE ? SUS",
                    "value": 1749717.0,
                    "canDrillDown": false,
                    "fillcolor": null,
                    "data": []
                  }
                ]
              }
            ]
          }
        ]
      },
      {
        "codigoPai": "2",
        "codigo": "22",
        "label": "ALIENAÇÃO DE BENS",
        "value": 15086691.95,
        "canDrillDown": false,
        "fillcolor": null,
        "data": [
          {
            "codigoPai": "22",
            "codigo": "222",
            "label": "ALIENAÇÃO DE BENS IMÓVEIS",
            "value": 10481021.58,
            "canDrillDown": false,
            "fillcolor": null,
            "data": [
              {
                "codigoPai": "222",
                "codigo": "2227",
                "label": "ALIENAÇÃO DE BENS IMÓVEIS ADQUIRIDOS COM RECURSOS NÃO VINCULADOS",
                "value": 24121.29,
                "canDrillDown": false,
                "fillcolor": null,
                "data": [
                  {
                    "codigoPai": "2227",
                    "codigo": "222799",
                    "label": "ALIENAÇÃO DE BENS IMÓVEIS ADQUIRIDOS COM RECURSOS NÃO VINCULADOS",
                    "value": 24121.29,
                    "canDrillDown": false,
                    "fillcolor": null,
                    "data": []
                  }
                ]
              },
              {
                "codigoPai": "222",
                "codigo": "2229",
                "label": "ALIENAÇÃO DE OUTROS BENS IMÓVEIS",
                "value": 10456900.29,
                "canDrillDown": false,
                "fillcolor": null,
                "data": [
                  {
                    "codigoPai": "2229",
                    "codigo": "222999",
                    "label": "ALIENAÇÃO DE OUTROS BENS IMÓVEIS",
                    "value": 10456900.29,
                    "canDrillDown": false,
                    "fillcolor": null,
                    "data": []
                  }
                ]
              }
            ]
          },
          {
            "codigoPai": "22",
            "codigo": "221",
            "label": "ALIENAÇÃO DE BENS MÓVEIS",
            "value": 4605670.37,
            "canDrillDown": false,
            "fillcolor": null,
            "data": [
              {
                "codigoPai": "221",
                "codigo": "2216",
                "label": "ALIENAÇÃO DE BENS MÓVEIS ADQUIRIDOS COM RECURSOS VINCULADOS",
                "value": 3566616.72,
                "canDrillDown": false,
                "fillcolor": null,
                "data": [
                  {
                    "codigoPai": "2216",
                    "codigo": "221699",
                    "label": "ALIENAÇÃO DE BENS MÓVEIS ADQUIRIDOS COM OUTROS RECURSOS VINCULADOS",
                    "value": 3566616.72,
                    "canDrillDown": false,
                    "fillcolor": null,
                    "data": []
                  }
                ]
              },
              {
                "codigoPai": "221",
                "codigo": "2217",
                "label": "ALIENAÇÃO DE BENS MÓVEIS ADQUIRIDOS COM RECURSOS NÃO VINCULADOS",
                "value": 1039053.65,
                "canDrillDown": false,
                "fillcolor": null,
                "data": [
                  {
                    "codigoPai": "2217",
                    "codigo": "221799",
                    "label": "ALIENAÇÃO DE BENS MÓVEIS ADQUIRIDOS COM RECURSOS NÃO VINCULADOS",
                    "value": 1039053.65,
                    "canDrillDown": false,
                    "fillcolor": null,
                    "data": []
                  }
                ]
              }
            ]
          }
        ]
      },
      {
        "codigoPai": "2",
        "codigo": "23",
        "label": "AMORTIZAÇÃO DE EMPRÉSTIMOS",
        "value": 3752.12,
        "canDrillDown": false,
        "fillcolor": null,
        "data": [
          {
            "codigoPai": "23",
            "codigo": "230",
            "label": "AMORTIZAÇÃO DE EMPRÉSTIMOS",
            "value": 3752.12,
            "canDrillDown": false,
            "fillcolor": null,
            "data": [
              {
                "codigoPai": "230",
                "codigo": "2300",
                "label": "AMORTIZAÇÃO DE EMPRÉSTIMOS",
                "value": 3752.12,
                "canDrillDown": false,
                "fillcolor": null,
                "data": [
                  {
                    "codigoPai": "2300",
                    "codigo": "230070",
                    "label": "OUTRAS AMORTIZAÇÕES DE EMPRÉSTIMOS",
                    "value": 3752.12,
                    "canDrillDown": false,
                    "fillcolor": null,
                    "data": []
                  }
                ]
              }
            ]
          }
        ]
      },
      {
        "codigoPai": "2",
        "codigo": "21",
        "label": "OPERAÇÕES DE CRÉDITO",
        "value": 235240780.98,
        "canDrillDown": false,
        "fillcolor": null,
        "data": [
          {
            "codigoPai": "21",
            "codigo": "212",
            "label": "OPERAÇÕES DE CRÉDITO EXTERNAS",
            "value": 95172084.57,
            "canDrillDown": false,
            "fillcolor": null,
            "data": [
              {
                "codigoPai": "212",
                "codigo": "2123",
                "label": "OPERAÇÕES DE CRÉDITO EXTERNAS ? CONTRATUAIS",
                "value": 95172084.57,
                "canDrillDown": false,
                "fillcolor": null,
                "data": [
                  {
                    "codigoPai": "2123",
                    "codigo": "212311",
                    "label": "PROJETO GESTÃO INTEGRADA DE ÁGUAS E PAISAGENS",
                    "value": 95172084.57,
                    "canDrillDown": false,
                    "fillcolor": null,
                    "data": []
                  }
                ]
              }
            ]
          },
          {
            "codigoPai": "21",
            "codigo": "211",
            "label": "OPERAÇÕES DE CRÉDITO INTERNAS",
            "value": 140068696.41,
            "canDrillDown": false,
            "fillcolor": null,
            "data": [
              {
                "codigoPai": "211",
                "codigo": "2114",
                "label": "OPERAÇÕES DE CRÉDITO INTERNAS - CONTRATUAIS",
                "value": 140068696.41,
                "canDrillDown": false,
                "fillcolor": null,
                "data": [
                  {
                    "codigoPai": "2114",
                    "codigo": "211415",
                    "label": "BNDES - BRT GV",
                    "value": 74350979.58,
                    "canDrillDown": false,
                    "fillcolor": null,
                    "data": []
                  },
                  {
                    "codigoPai": "2114",
                    "codigo": "211420",
                    "label": "PROGRAMA ESPECIAL DE APOIO AOS ESTADOS - PROPAE",
                    "value": 65717716.83,
                    "canDrillDown": false,
                    "fillcolor": null,
                    "data": []
                  }
                ]
              }
            ]
          }
        ]
      }
    ]
  }
]