[
  {
    "mes": 1,
    "dataLimite": "2021-02-20T23:59:59-03:00",
    "dataHomologacao": "2021-02-12T11:52:22.237-03:00",
    "naoEnviaFolha": false,
    "emDia": true,
    "comAtraso": false,
    "comDebito": false
  },
  {
    "mes": 2,
    "dataLimite": "2021-03-10T23:59:59-03:00",
    "dataHomologacao": "2021-03-10T21:54:56.89-03:00",
    "naoEnviaFolha": false,
    "emDia": true,
    "comAtraso": false,
    "comDebito": false
  },
  {
    "mes": 3,
    "dataLimite": "2021-05-05T23:59:59-03:00",
    "dataHomologacao": "2021-04-23T09:51:25.673-03:00",
    "naoEnviaFolha": false,
    "emDia": true,
    "comAtraso": false,
    "comDebito": false
  },
  {
    "mes": 4,
    "dataLimite": "2021-05-10T23:59:59-03:00",
    "dataHomologacao": "2021-05-07T13:00:44.503-03:00",
    "naoEnviaFolha": false,
    "emDia": true,
    "comAtraso": false,
    "comDebito": false
  },
  {
    "mes": 5,
    "dataLimite": "2021-06-10T23:59:59-03:00",
    "dataHomologacao": "2021-06-09T08:34:56.497-03:00",
    "naoEnviaFolha": false,
    "emDia": true,
    "comAtraso": false,
    "comDebito": false
  },
  {
    "mes": 6,
    "dataLimite": "2021-07-10T23:59:59-03:00",
    "dataHomologacao": "2021-07-07T08:40:52.44-03:00",
    "naoEnviaFolha": false,
    "emDia": true,
    "comAtraso": false,
    "comDebito": false
  },
  {
    "mes": 7,
    "dataLimite": "2021-08-10T23:59:59-03:00",
    "dataHomologacao": "2021-08-06T08:33:14.75-03:00",
    "naoEnviaFolha": false,
    "emDia": true,
    "comAtraso": false,
    "comDebito": false
  },
  {
    "mes": 8,
    "dataLimite": "2021-09-10T23:59:59-03:00",
    "dataHomologacao": "2021-09-09T07:52:01.553-03:00",
    "naoEnviaFolha": false,
    "emDia": true,
    "comAtraso": false,
    "comDebito": false
  },
  {
    "mes": 9,
    "dataLimite": "2021-10-10T23:59:59-03:00",
    "dataHomologacao": "2021-10-07T08:25:12.507-03:00",
    "naoEnviaFolha": false,
    "emDia": true,
    "comAtraso": false,
    "comDebito": false
  },
  {
    "mes": 10,
    "dataLimite": "2021-11-10T23:59:59-03:00",
    "dataHomologacao": "2021-11-09T09:05:39.227-03:00",
    "naoEnviaFolha": false,
    "emDia": true,
    "comAtraso": false,
    "comDebito": false
  },
  {
    "mes": 11,
    "dataLimite": "2021-12-10T23:59:59-03:00",
    "dataHomologacao": "2021-12-07T10:23:04.023-03:00",
    "naoEnviaFolha": false,
    "emDia": true,
    "comAtraso": false,
    "comDebito": false
  },
  {
    "mes": 12,
    "dataLimite": "2022-02-05T23:59:59-03:00",
    "dataHomologacao": "2022-02-03T13:14:30.43-03:00",
    "naoEnviaFolha": false,
    "emDia": true,
    "comAtraso": false,
    "comDebito": false
  }
]