[
  {
    "ano": 2018,
    "idEsferaAdministrativa": 81,
    "nomeEsferaAdministrativa": null,
    "valor": null,
    "valor2": null,
    "colunas": [],
    "valores": {
      "atual": 16597777850.1,
      "anterior": 15138080942.5
    }
  },
  {
    "ano": 2019,
    "idEsferaAdministrativa": 81,
    "nomeEsferaAdministrativa": null,
    "valor": null,
    "valor2": null,
    "colunas": [],
    "valores": {
      "atual": 19465158903.68,
      "anterior": 16597777850.1
    }
  },
  {
    "ano": 2020,
    "idEsferaAdministrativa": 81,
    "nomeEsferaAdministrativa": null,
    "valor": null,
    "valor2": null,
    "colunas": [],
    "valores": {
      "atual": 18760310370.91,
      "anterior": 19465158903.68
    }
  },
  {
    "ano": 2021,
    "idEsferaAdministrativa": 81,
    "nomeEsferaAdministrativa": null,
    "valor": null,
    "valor2": null,
    "colunas": [],
    "valores": {
      "atual": 20065040972.95,
      "anterior": 18760310370.91
    }
  },
  {
    "ano": 2022,
    "idEsferaAdministrativa": 81,
    "nomeEsferaAdministrativa": null,
    "valor": null,
    "valor2": null,
    "colunas": [],
    "valores": {
      "atual": 24021864598.84,
      "anterior": 20065040972.95
    }
  }
]