[
  {
    "mes": 1,
    "ano": 2022,
    "idEsferaAdministrativa": 0,
    "nomeEsferaAdministrativa": null,
    "valor": null,
    "valor2": null,
    "colunas": [],
    "valores": {
      "receitaCorrenteLiquida": 1423660431.02,
      "aplicacao": 175391267.47,
      "aplicacaoPercentual": 12.319740272920184
    }
  },
  {
    "mes": 2,
    "ano": 2022,
    "idEsferaAdministrativa": 0,
    "nomeEsferaAdministrativa": null,
    "valor": null,
    "valor2": null,
    "colunas": [],
    "valores": {
      "receitaCorrenteLiquida": 2860534050.03,
      "aplicacao": 393294328.73,
      "aplicacaoPercentual": 13.748982597353642
    }
  },
  {
    "mes": 3,
    "ano": 2022,
    "idEsferaAdministrativa": 0,
    "nomeEsferaAdministrativa": null,
    "valor": null,
    "valor2": null,
    "colunas": [],
    "valores": {
      "receitaCorrenteLiquida": 4235437324.97,
      "aplicacao": 603560062.49,
      "aplicacaoPercentual": 14.250241856530721
    }
  },
  {
    "mes": 4,
    "ano": 2022,
    "idEsferaAdministrativa": 0,
    "nomeEsferaAdministrativa": null,
    "valor": null,
    "valor2": null,
    "colunas": [],
    "valores": {
      "receitaCorrenteLiquida": 5866255638.65,
      "aplicacao": 796790893.3,
      "aplicacaoPercentual": 13.58261457360159
    }
  },
  {
    "mes": 5,
    "ano": 2022,
    "idEsferaAdministrativa": 0,
    "nomeEsferaAdministrativa": null,
    "valor": null,
    "valor2": null,
    "colunas": [],
    "valores": {
      "receitaCorrenteLiquida": 7406058445.57,
      "aplicacao": 995902957.52,
      "aplicacaoPercentual": 13.447138782920465
    }
  },
  {
    "mes": 6,
    "ano": 2022,
    "idEsferaAdministrativa": 0,
    "nomeEsferaAdministrativa": null,
    "valor": null,
    "valor2": null,
    "colunas": [],
    "valores": {
      "receitaCorrenteLiquida": 8941723513.22,
      "aplicacao": 1213138588.63,
      "aplicacaoPercentual": 13.567167300984206
    }
  },
  {
    "mes": 7,
    "ano": 2022,
    "idEsferaAdministrativa": 0,
    "nomeEsferaAdministrativa": null,
    "valor": null,
    "valor2": null,
    "colunas": [],
    "valores": {
      "receitaCorrenteLiquida": 10149705701.97,
      "aplicacao": 1416812846.49,
      "aplicacaoPercentual": 13.959151999993503
    }
  },
  {
    "mes": 8,
    "ano": 2022,
    "idEsferaAdministrativa": 0,
    "nomeEsferaAdministrativa": null,
    "valor": null,
    "valor2": null,
    "colunas": [],
    "valores": {
      "receitaCorrenteLiquida": 11467897466.1,
      "aplicacao": 1626510782.33,
      "aplicacaoPercentual": 14.183164674589154
    }
  },
  {
    "mes": 9,
    "ano": 2022,
    "idEsferaAdministrativa": 0,
    "nomeEsferaAdministrativa": null,
    "valor": null,
    "valor2": null,
    "colunas": [],
    "valores": {
      "receitaCorrenteLiquida": 12735409837.24,
      "aplicacao": 1812383158.5,
      "aplicacaoPercentual": 14.231054843640408
    }
  },
  {
    "mes": 10,
    "ano": 2022,
    "idEsferaAdministrativa": 0,
    "nomeEsferaAdministrativa": null,
    "valor": null,
    "valor2": null,
    "colunas": [],
    "valores": {
      "receitaCorrenteLiquida": 14057822559.93,
      "aplicacao": 2051680966.22,
      "aplicacaoPercentual": 14.594585736684786
    }
  },
  {
    "mes": 11,
    "ano": 2022,
    "idEsferaAdministrativa": 0,
    "nomeEsferaAdministrativa": null,
    "valor": null,
    "valor2": null,
    "colunas": [],
    "valores": {
      "receitaCorrenteLiquida": 15452987806.78,
      "aplicacao": 2260606571.59,
      "aplicacaoPercentual": 14.62892872146161
    }
  },
  {
    "mes": 12,
    "ano": 2022,
    "idEsferaAdministrativa": 0,
    "nomeEsferaAdministrativa": null,
    "valor": null,
    "valor2": null,
    "colunas": [],
    "valores": {
      "receitaCorrenteLiquida": 16985061565.73,
      "aplicacao": 2634645045.87,
      "aplicacaoPercentual": 15.511542514428124
    }
  }
]