[
  {
    "mes": 1,
    "dataLimite": "2023-03-03T23:59:59-03:00",
    "dataHomologacao": "2023-02-16T09:44:57.017-03:00",
    "naoEnviaFolha": false,
    "emDia": true,
    "comAtraso": false,
    "comDebito": false
  },
  {
    "mes": 2,
    "dataLimite": "2023-03-10T23:59:59-03:00",
    "dataHomologacao": "2023-03-09T14:49:46.187-03:00",
    "naoEnviaFolha": false,
    "emDia": true,
    "comAtraso": false,
    "comDebito": false
  },
  {
    "mes": 3,
    "dataLimite": "2023-04-13T23:59:59-03:00",
    "dataHomologacao": "2023-04-11T12:02:05.843-03:00",
    "naoEnviaFolha": false,
    "emDia": true,
    "comAtraso": false,
    "comDebito": false
  },
  {
    "mes": 4,
    "dataLimite": "2023-05-10T23:59:59-03:00",
    "dataHomologacao": "2023-05-12T11:58:43.737-03:00",
    "naoEnviaFolha": false,
    "emDia": false,
    "comAtraso": true,
    "comDebito": false
  },
  {
    "mes": 5,
    "dataLimite": "2023-06-13T23:59:59-03:00",
    "dataHomologacao": "2023-06-12T08:12:21.877-03:00",
    "naoEnviaFolha": false,
    "emDia": true,
    "comAtraso": false,
    "comDebito": false
  },
  {
    "mes": 6,
    "dataLimite": "2023-07-10T23:59:59-03:00",
    "dataHomologacao": "2023-07-07T10:19:53.143-03:00",
    "naoEnviaFolha": false,
    "emDia": true,
    "comAtraso": false,
    "comDebito": false
  },
  {
    "mes": 7,
    "dataLimite": "2023-08-10T23:59:59-03:00",
    "dataHomologacao": "2023-08-07T11:23:14.503-03:00",
    "naoEnviaFolha": false,
    "emDia": true,
    "comAtraso": false,
    "comDebito": false
  },
  {
    "mes": 8,
    "dataLimite": "2023-09-13T23:59:59-03:00",
    "dataHomologacao": "2023-09-11T13:17:59.687-03:00",
    "naoEnviaFolha": false,
    "emDia": true,
    "comAtraso": false,
    "comDebito": false
  },
  {
    "mes": 9,
    "dataLimite": "2023-10-10T23:59:59-03:00",
    "dataHomologacao": "2023-10-09T12:13:24.85-03:00",
    "naoEnviaFolha": false,
    "emDia": true,
    "comAtraso": false,
    "comDebito": false
  },
  {
    "mes": 10,
    "dataLimite": "2023-11-10T23:59:59-03:00",
    "dataHomologacao": "2023-11-09T09:26:07.973-03:00",
    "naoEnviaFolha": false,
    "emDia": true,
    "comAtraso": false,
    "comDebito": false
  },
  {
    "mes": 11,
    "dataLimite": "2023-12-11T23:59:59-03:00",
    "dataHomologacao": "2023-12-08T14:41:38.83-03:00",
    "naoEnviaFolha": false,
    "emDia": true,
    "comAtraso": false,
    "comDebito": false
  },
  {
    "mes": 12,
    "dataLimite": "2024-02-20T23:59:59-03:00",
    "dataHomologacao": "2024-02-02T15:08:28.46-03:00",
    "naoEnviaFolha": false,
    "emDia": true,
    "comAtraso": false,
    "comDebito": false
  }
]