[
  {
    "ano": 2019,
    "idEsferaAdministrativa": 0,
    "nomeEsferaAdministrativa": null,
    "valor": null,
    "valor2": null,
    "colunas": [],
    "valores": {
      "despesaLiquidada": 16380384256.15,
      "despesaEmpenhada": 16815378332.47,
      "despesaPaga": 16105386623.44,
      "receitaArrecadada": 19465158903.68,
      "receitaPrevista": 17720861504.0
    }
  },
  {
    "ano": 2020,
    "idEsferaAdministrativa": 0,
    "nomeEsferaAdministrativa": null,
    "valor": null,
    "valor2": null,
    "colunas": [],
    "valores": {
      "despesaLiquidada": 16859615982.53,
      "despesaEmpenhada": 17696916561.42,
      "despesaPaga": 16663652636.98,
      "receitaArrecadada": 18760310370.91,
      "receitaPrevista": 19749451365.0
    }
  },
  {
    "ano": 2021,
    "idEsferaAdministrativa": 0,
    "nomeEsferaAdministrativa": null,
    "valor": null,
    "valor2": null,
    "colunas": [],
    "valores": {
      "despesaLiquidada": 17708744425.87,
      "despesaEmpenhada": 18762339557.94,
      "despesaPaga": 17282524766.01,
      "receitaArrecadada": 20065040972.95,
      "receitaPrevista": 18902292466.0
    }
  },
  {
    "ano": 2022,
    "idEsferaAdministrativa": 0,
    "nomeEsferaAdministrativa": null,
    "valor": null,
    "valor2": null,
    "colunas": [],
    "valores": {
      "despesaLiquidada": 21524275579.16,
      "despesaEmpenhada": 22785645317.67,
      "despesaPaga": 20738294575.05,
      "receitaArrecadada": 24021864598.84,
      "receitaPrevista": 20273774984.0
    }
  },
  {
    "ano": 2023,
    "idEsferaAdministrativa": 0,
    "nomeEsferaAdministrativa": null,
    "valor": null,
    "valor2": null,
    "colunas": [],
    "valores": {
      "despesaLiquidada": 23667757284.31,
      "despesaEmpenhada": 25098719258.87,
      "despesaPaga": 23104620909.68,
      "receitaArrecadada": 25896341219.57,
      "receitaPrevista": 22507308118.0
    }
  }
]