{
  "operacoesCredito": {
    "ano": 2024,
    "idEsferaAdministrativa": 81,
    "nomeEsferaAdministrativa": null,
    "valor": 684350070.24,
    "valor2": null,
    "colunas": [],
    "valores": {}
  },
  "outrasTransferencias": {
    "ano": 2024,
    "idEsferaAdministrativa": 81,
    "nomeEsferaAdministrativa": null,
    "valor": 1933754413.19,
    "valor2": null,
    "colunas": [],
    "valores": {}
  },
  "receitasEstado": {
    "ano": 2024,
    "idEsferaAdministrativa": 81,
    "nomeEsferaAdministrativa": null,
    "valor": 20340721732.79,
    "valor2": null,
    "colunas": [],
    "valores": {}
  },
  "transferenciasUniao": {
    "ano": 2024,
    "idEsferaAdministrativa": 81,
    "nomeEsferaAdministrativa": null,
    "valor": 5855618015.37,
    "valor2": null,
    "colunas": [],
    "valores": {}
  },
  "receitasIntra": {
    "ano": 2024,
    "idEsferaAdministrativa": 81,
    "nomeEsferaAdministrativa": null,
    "valor": 409025552.95,
    "valor2": null,
    "colunas": [],
    "valores": {}
  }
}