[
  {
    "ano": 2020,
    "idEsferaAdministrativa": 0,
    "nomeEsferaAdministrativa": null,
    "valor": null,
    "valor2": null,
    "colunas": [],
    "valores": {
      "aplicacao": 1960548781.17,
      "aplicacaoPercentual": 16.68
    }
  },
  {
    "ano": 2021,
    "idEsferaAdministrativa": 0,
    "nomeEsferaAdministrativa": null,
    "valor": null,
    "valor2": null,
    "colunas": [],
    "valores": {
      "aplicacao": 2181139081.79,
      "aplicacaoPercentual": 14.45
    }
  },
  {
    "ano": 2022,
    "idEsferaAdministrativa": 0,
    "nomeEsferaAdministrativa": null,
    "valor": null,
    "valor2": null,
    "colunas": [],
    "valores": {
      "aplicacao": 2659229390.08,
      "aplicacaoPercentual": 15.66
    }
  },
  {
    "ano": 2023,
    "idEsferaAdministrativa": 0,
    "nomeEsferaAdministrativa": null,
    "valor": null,
    "valor2": null,
    "colunas": [],
    "valores": {
      "aplicacao": 3201510443.51,
      "aplicacaoPercentual": 17.19
    }
  },
  {
    "ano": 2024,
    "idEsferaAdministrativa": 0,
    "nomeEsferaAdministrativa": null,
    "valor": null,
    "valor2": null,
    "colunas": [],
    "valores": {
      "aplicacao": 3261319345.33,
      "aplicacaoPercentual": 15.43
    }
  }
]