[
  {
    "mes": 1,
    "ano": 2025,
    "idEsferaAdministrativa": 0,
    "nomeEsferaAdministrativa": null,
    "valor": null,
    "valor2": null,
    "colunas": [],
    "valores": {
      "receitaCorrenteLiquida": 1814804892.75,
      "aplicacao": 222346170.84,
      "aplicacaoPercentual": 12.251794764729537
    }
  },
  {
    "mes": 2,
    "ano": 2025,
    "idEsferaAdministrativa": 0,
    "nomeEsferaAdministrativa": null,
    "valor": null,
    "valor2": null,
    "colunas": [],
    "valores": {
      "receitaCorrenteLiquida": 3693284667.29,
      "aplicacao": 515685829.65,
      "aplicacaoPercentual": 13.962796700109006
    }
  },
  {
    "mes": 3,
    "ano": 2025,
    "idEsferaAdministrativa": 0,
    "nomeEsferaAdministrativa": null,
    "valor": null,
    "valor2": null,
    "colunas": [],
    "valores": {
      "receitaCorrenteLiquida": 5429403034.08,
      "aplicacao": 824106593.14,
      "aplicacaoPercentual": 15.178585711304502
    }
  },
  {
    "mes": 4,
    "ano": 2025,
    "idEsferaAdministrativa": 0,
    "nomeEsferaAdministrativa": null,
    "valor": null,
    "valor2": null,
    "colunas": [],
    "valores": {
      "receitaCorrenteLiquida": 7397880453.39,
      "aplicacao": 1137228052.1,
      "aplicacaoPercentual": 15.372349678601218
    }
  },
  {
    "mes": 5,
    "ano": 2025,
    "idEsferaAdministrativa": 0,
    "nomeEsferaAdministrativa": null,
    "valor": null,
    "valor2": null,
    "colunas": [],
    "valores": {
      "receitaCorrenteLiquida": 9349864889.47,
      "aplicacao": 1474774102.71,
      "aplicacaoPercentual": 15.773212983761074
    }
  },
  {
    "mes": 6,
    "ano": 2025,
    "idEsferaAdministrativa": 0,
    "nomeEsferaAdministrativa": null,
    "valor": null,
    "valor2": null,
    "colunas": [],
    "valores": {
      "receitaCorrenteLiquida": 11397522590.69,
      "aplicacao": 1812342665.13,
      "aplicacaoPercentual": 15.901198271020771
    }
  },
  {
    "mes": 7,
    "ano": 2025,
    "idEsferaAdministrativa": 0,
    "nomeEsferaAdministrativa": null,
    "valor": null,
    "valor2": null,
    "colunas": [],
    "valores": {
      "receitaCorrenteLiquida": 13318096534.21,
      "aplicacao": 2175936913.87,
      "aplicacaoPercentual": 16.33819749151617
    }
  },
  {
    "mes": 8,
    "ano": 2025,
    "idEsferaAdministrativa": 0,
    "nomeEsferaAdministrativa": null,
    "valor": null,
    "valor2": null,
    "colunas": [],
    "valores": {
      "receitaCorrenteLiquida": 15249064640.14,
      "aplicacao": 2500932241.47,
      "aplicacaoPercentual": 16.400561611410673
    }
  },
  {
    "mes": 9,
    "ano": 2025,
    "idEsferaAdministrativa": 0,
    "nomeEsferaAdministrativa": null,
    "valor": null,
    "valor2": null,
    "colunas": [],
    "valores": {
      "receitaCorrenteLiquida": 17057248770.09,
      "aplicacao": 2818733326.92,
      "aplicacaoPercentual": 16.52513465045235
    }
  }
]