[
  {
    "ano": 2021,
    "idEsferaAdministrativa": 81,
    "nomeEsferaAdministrativa": null,
    "valor": null,
    "valor2": null,
    "colunas": [],
    "valores": {
      "atual": 20065040972.95,
      "anterior": 18760310370.91
    }
  },
  {
    "ano": 2022,
    "idEsferaAdministrativa": 81,
    "nomeEsferaAdministrativa": null,
    "valor": null,
    "valor2": null,
    "colunas": [],
    "valores": {
      "atual": 24021864598.84,
      "anterior": 20065040972.95
    }
  },
  {
    "ano": 2023,
    "idEsferaAdministrativa": 81,
    "nomeEsferaAdministrativa": null,
    "valor": null,
    "valor2": null,
    "colunas": [],
    "valores": {
      "atual": 25896341219.57,
      "anterior": 24021864598.84
    }
  },
  {
    "ano": 2024,
    "idEsferaAdministrativa": 81,
    "nomeEsferaAdministrativa": null,
    "valor": null,
    "valor2": null,
    "colunas": [],
    "valores": {
      "atual": 29223469784.54,
      "anterior": 25896341219.57
    }
  },
  {
    "ano": 2025,
    "idEsferaAdministrativa": 81,
    "nomeEsferaAdministrativa": null,
    "valor": null,
    "valor2": null,
    "colunas": [],
    "valores": {
      "atual": 25747998541.06,
      "anterior": 29223469784.54
    }
  }
]