[
  {
    "ano": 2021,
    "idEsferaAdministrativa": 0,
    "nomeEsferaAdministrativa": null,
    "valor": null,
    "valor2": null,
    "colunas": [],
    "valores": {
      "despesaLiquidada": 17708744425.87,
      "despesaEmpenhada": 18762339557.94,
      "despesaPaga": 17282524766.01,
      "receitaArrecadada": 20065040972.95,
      "receitaPrevista": 18902292466.0
    }
  },
  {
    "ano": 2022,
    "idEsferaAdministrativa": 0,
    "nomeEsferaAdministrativa": null,
    "valor": null,
    "valor2": null,
    "colunas": [],
    "valores": {
      "despesaLiquidada": 21524275579.16,
      "despesaEmpenhada": 22785645317.67,
      "despesaPaga": 20738294575.05,
      "receitaArrecadada": 24021864598.84,
      "receitaPrevista": 20273774984.0
    }
  },
  {
    "ano": 2023,
    "idEsferaAdministrativa": 0,
    "nomeEsferaAdministrativa": null,
    "valor": null,
    "valor2": null,
    "colunas": [],
    "valores": {
      "despesaLiquidada": 23667757284.31,
      "despesaEmpenhada": 25098719258.87,
      "despesaPaga": 23104620909.68,
      "receitaArrecadada": 25896341219.57,
      "receitaPrevista": 22507308118.0
    }
  },
  {
    "ano": 2024,
    "idEsferaAdministrativa": 0,
    "nomeEsferaAdministrativa": null,
    "valor": null,
    "valor2": null,
    "colunas": [],
    "valores": {
      "despesaLiquidada": 26406287254.28,
      "despesaEmpenhada": 28314510693.65,
      "despesaPaga": 26083327175.56,
      "receitaArrecadada": 29223469784.54,
      "receitaPrevista": 24930292998.0
    }
  },
  {
    "ano": 2025,
    "idEsferaAdministrativa": 0,
    "nomeEsferaAdministrativa": null,
    "valor": null,
    "valor2": null,
    "colunas": [],
    "valores": {
      "despesaLiquidada": 22838533853.5,
      "despesaEmpenhada": 28746766863.78,
      "despesaPaga": 22524212737.76,
      "receitaArrecadada": 25747998541.06,
      "receitaPrevista": 29518094648.0
    }
  }
]